mass,dialogue16
mass,dialogue17
mass,dialogue18
happy,dialogue19
comedy,Angane Pavanayi Shavamayi
mass,dialogue16
mass,dialogue17
mass,dialogue18
happy,dialogue19
comedy,Angane Pavanayi Shavamayi
mass,dialogue16
mass,dialogue17
mass,dialogue18
happy,dialogue19
comedy,Angane Pavanayi Shavamayi
mass,dialogue16
mass,dialogue17
mass,dialogue18
happy,dialogue19
comedy,Angane Pavanayi Shavamayi
mass,dialogue16
mass,dialogue17
mass,dialogue18
happy,dialogue19
comedy,Angane Pavanayi Shavamayi
mass,dialogue16
mass,dialogue17
general,Hello
happy,dialogue19
comedy,Angane Pavanayi Shavamayi
mass,dialogue16
mass,dialogue17
general,Hello
happy,dialogue19
comedy,Angane Pavanayi Shavamayi
mass,dialogue16
mass,dialogue17
general,Hello
happy,dialogue19
comedy,Angane Pavanayi Shavamayi
mass,dialogue16
mass,dialogue17
general,Hello
happy,dialogue19
comedy,Angane Pavanayi Shavamayi
mass,dialogue16
mass,dialogue17
general,Hello
happy,dialogue19
comedy,Angane Pavanayi Shavamayi
mass,dialogue16
mass,dialogue17
general,Hello
happy,dialogue19
comedy,Angane Pavanayi Shavamayi
mass,dialogue16
mass,dialogue17
general,Hello
happy,dialogue19
comedy,Angane Pavanayi Shavamayi
mass,dialogue16
mass,dialogue17
general,Hello
happy,dialogue19
comedy,Angane Pavanayi Shavamayi
mass,dialogue16
mass,dialogue17
general,Hello
happy,dialogue19
comedy,Angane Pavanayi Shavamayi
mass,dialogue16
mass,dialogue17
general,Hello
happy,dialogue19
comedy,Angane Pavanayi Shavamayi
mass,dialogue16
mass,dialogue17
general,Hello
happy,dialogue19
comedy,Angane Pavanayi Shavamayi
mass,dialogue16
mass,dialogue17
general,Hello
happy,dialogue19
comedy,Angane Pavanayi Shavamayi
mass,dialogue16
mass,dialogue17
general,Hello
happy,dialogue19
comedy,Angane Pavanayi Shavamayi
mass,dialogue16
mass,dialogue17
general,Hello
happy,dialogue19
comedy,Angane Pavanayi Shavamayi
general,Hello
general,Good
general,thank you
general,Sorry
general,Welcome
general,good bye
mass,dialogue16
mass,dialogue17
general,Hello
happy,dialogue19
comedy,Angane Pavanayi Shavamayi
general,Hello
general,Good
general,thank you
general,Sorry
general,Welcome
general,good bye
mass,dialogue16
mass,dialogue17
general,Hello
happy,dialogue19
comedy,Angane Pavanayi Shavamayi
general,Hello
general,Good
general,thank you
general,Sorry
general,Welcome
general,good bye
mass,dialogue16
mass,dialogue17
general,Hello
happy,dialogue19
comedy,Angane Pavanayi Shavamayi
general,Hello
general,Good
general,thank you
general,Sorry
general,Welcome
general,good bye
mass,dialogue16
mass,dialogue17
general,Hello
happy,dialogue19
comedy,Angane Pavanayi Shavamayi
general,Hello
general,Good
general,thank you
general,Sorry
general,Welcome
general,good bye
mass,dialogue16
mass,dialogue17
general,Hello
happy,dialogue19
comedy,Angane Pavanayi Shavamayi
general,Hello
general,Good
general,thank you
general,Sorry
general,Welcome
general,good bye
mass,dialogue16
mass,dialogue17
general,Hello
happy,dialogue19
comedy,Angane Pavanayi Shavamayi
general,Hello
general,Good
general,thank you
general,Sorry
general,Welcome
general,good bye
mass,dialogue16
mass,dialogue17
general,Hello
happy,dialogue19
comedy,Angane Pavanayi Shavamayi
general,Hello
general,Good
general,thank you
general,Sorry
general,Welcome
general,good bye
mass,dialogue16
mass,dialogue17
general,Hello
happy,dialogue19
comedy,Angane Pavanayi Shavamayi
general,Hello
general,Good
general,thank you
general,Sorry
general,Welcome
general,good bye
mass,dialogue16
mass,dialogue17
general,Hello
happy,dialogue19
comedy,Angane Pavanayi Shavamayi
general,Hello
general,Good
general,thank you
general,Sorry
general,Welcome
general,good bye
mass,dialogue16
mass,dialogue17
general,Hello
happy,dialogue19
comedy,Angane Pavanayi Shavamayi
general,Hello
general,Good
general,thank you
general,Sorry
general,Welcome
general,good bye
mass,dialogue16
mass,dialogue17
general,Hello
happy,dialogue19
comedy,Angane Pavanayi Shavamayi
general,Hello
general,Good
general,thank you
general,Sorry
general,Welcome
general,good bye
mass,dialogue16
mass,dialogue17
general,Hello
happy,dialogue19
comedy,Angane Pavanayi Shavamayi
general,Hello
general,Good
general,thank you
general,Sorry
general,Welcome
general,good bye
mass,dialogue16
mass,dialogue17
general,Hello
happy,dialogue19
comedy,Angane Pavanayi Shavamayi
general,Hello
general,Good
general,thank you
general,Sorry
general,Welcome
general,good bye
mass,dialogue16
mass,dialogue17
general,Hello
happy,dialogue19
comedy,Angane Pavanayi Shavamayi
general,Hello
general,Good
general,thank you
general,Sorry
general,Welcome
general,good bye
mass,dialogue16
mass,dialogue17
general,Hello
happy,dialogue19
comedy,Angane Pavanayi Shavamayi
general,Hello
general,Good
general,thank you
general,Sorry
general,Welcome
general,good bye
mass,dialogue16
mass,dialogue17
general,Hello
happy,dialogue19
comedy,Angane Pavanayi Shavamayi
general,Hello
general,Good
general,thank you
general,Sorry
general,Welcome
general,good bye
mass,dialogue16
mass,dialogue17
general,Hello
happy,dialogue19
comedy,Angane Pavanayi Shavamayi
general,Hello
general,Good
general,thank you
general,Sorry
general,Welcome
general,good bye
mass,dialogue16
mass,dialogue17
general,Hello
happy,dialogue19
comedy,Angane Pavanayi Shavamayi
general,Hello
general,Good
general,thank you
general,Sorry
general,Welcome
general,good bye
mass,dialogue16
mass,dialogue17
general,Hello
happy,dialogue19
comedy,Angane Pavanayi Shavamayi
general,Hello
general,Good
general,thank you
general,Sorry
general,Welcome
general,good bye
mass,dialogue16
mass,dialogue17
general,Hello
sad,kollanam
happy,dialogue19
comedy,Angane Pavanayi Shavamayi
